{"cameraMode":{"drawMode":0,"name":"Shaded","section":"Shading Mode"},"sceneLighting":true,"audioPlay":false,"sceneViewState":{"showFog":true,"showMaterialUpdate":false,"showSkybox":true,"showFlares":true,"showImageEffects":true,"showParticleSystems":true},"in2DMode":false,"pivot":{"x":0.18727687001228333,"y":0.06254029273986817,"z":-0.002666125539690256},"rotation":{"x":0.3121141195297241,"y":0.20997798442840577,"z":-0.07094796001911164,"w":0.9238292574882507},"size":21.828767776489259,"orthographic":false}