{"cameraMode":{"drawMode":0,"name":"Shaded","section":"Shading Mode"},"sceneLighting":true,"audioPlay":false,"sceneViewState":{"showFog":true,"showMaterialUpdate":false,"showSkybox":true,"showFlares":true,"showImageEffects":true,"showParticleSystems":true},"in2DMode":false,"pivot":{"x":-0.30000001192092898,"y":1.2200000286102296,"z":0.30000007152557375},"rotation":{"x":0.11238273233175278,"y":0.4127729535102844,"z":-0.05140642076730728,"w":0.9024159908294678},"size":9.486309051513672,"orthographic":true}