{"cameraMode":{"drawMode":0,"name":"Shaded","section":"Shading Mode"},"sceneLighting":true,"audioPlay":false,"sceneViewState":{"showFog":true,"showMaterialUpdate":false,"showSkybox":true,"showFlares":true,"showImageEffects":true,"showParticleSystems":true},"in2DMode":false,"pivot":{"x":-0.4887251853942871,"y":1.682855486869812,"z":-0.15145675837993623},"rotation":{"x":0.22129523754119874,"y":0.10217728465795517,"z":-0.023324694484472276,"w":0.9695650339126587},"size":7.284266471862793,"orthographic":true}