{"cameraMode":{"drawMode":0,"name":"Shaded","section":"Shading Mode"},"sceneLighting":true,"audioPlay":false,"sceneViewState":{"showFog":true,"showMaterialUpdate":false,"showSkybox":true,"showFlares":true,"showImageEffects":true,"showParticleSystems":true},"in2DMode":false,"pivot":{"x":-0.30000001192092898,"y":1.2200000286102296,"z":0.30000007152557375},"rotation":{"x":0.04726054146885872,"y":0.2548416554927826,"z":-0.012473579496145249,"w":0.9657525420188904},"size":15.585716247558594,"orthographic":true}