{"cameraMode":{"drawMode":0,"name":"Shaded","section":"Shading Mode"},"sceneLighting":true,"audioPlay":false,"sceneViewState":{"showFog":true,"showMaterialUpdate":false,"showSkybox":true,"showFlares":true,"showImageEffects":true,"showParticleSystems":true},"in2DMode":false,"pivot":{"x":-0.22501245141029359,"y":1.5185242891311646,"z":1.1163475513458253},"rotation":{"x":0.23737427592277528,"y":0.7622779607772827,"z":-0.4123837649822235,"w":0.4387800097465515},"size":2.5741100311279299,"orthographic":true}