{"cameraMode":{"drawMode":0,"name":"Shaded","section":"Shading Mode"},"sceneLighting":true,"audioPlay":false,"sceneViewState":{"showFog":true,"showMaterialUpdate":false,"showSkybox":true,"showFlares":true,"showImageEffects":true,"showParticleSystems":true},"in2DMode":false,"pivot":{"x":2.03995418548584,"y":8.420144081115723,"z":2.9520797729492189},"rotation":{"x":0.0667383000254631,"y":0.933258056640625,"z":-0.2480766922235489,"w":0.25106802582740786},"size":0.9057697057723999,"orthographic":false}