{"cameraMode":{"drawMode":0,"name":"Shaded","section":"Shading Mode"},"sceneLighting":true,"audioPlay":false,"sceneViewState":{"showFog":true,"showMaterialUpdate":false,"showSkybox":true,"showFlares":true,"showImageEffects":true,"showParticleSystems":true},"in2DMode":false,"pivot":{"x":-9.899999618530274,"y":0.7999999523162842,"z":-0.35440921783447268},"rotation":{"x":0.06651416420936585,"y":-0.8953940272331238,"z":0.1430271416902542,"w":0.4164004623889923},"size":2.3395180702209474,"orthographic":true}