{"cameraMode":{"drawMode":0,"name":"Shaded","section":"Shading Mode"},"sceneLighting":true,"audioPlay":false,"sceneViewState":{"showFog":true,"showMaterialUpdate":false,"showSkybox":true,"showFlares":true,"showImageEffects":true,"showParticleSystems":true},"in2DMode":false,"pivot":{"x":483.46405029296877,"y":258.6110534667969,"z":-11.490426063537598},"rotation":{"x":-0.21050377190113069,"y":0.5978835225105286,"z":-0.1666344851255417,"w":-0.7552860379219055},"size":290.1235656738281,"orthographic":false}