{"cameraMode":{"drawMode":0,"name":"Shaded","section":"Shading Mode"},"sceneLighting":true,"audioPlay":false,"sceneViewState":{"showFog":true,"showMaterialUpdate":false,"showSkybox":true,"showFlares":true,"showImageEffects":true,"showParticleSystems":true},"in2DMode":false,"pivot":{"x":-8.449044227600098,"y":2.5718600749969484,"z":0.26065319776535036},"rotation":{"x":0.30149951577186587,"y":0.487020343542099,"z":-0.1838153749704361,"w":0.7988251447677612},"size":3.258190870285034,"orthographic":true}