{"cameraMode":{"drawMode":0,"name":"Shaded","section":"Shading Mode"},"sceneLighting":false,"audioPlay":false,"sceneViewState":{"showFog":true,"showMaterialUpdate":false,"showSkybox":false,"showFlares":true,"showImageEffects":true,"showParticleSystems":true},"in2DMode":false,"pivot":{"x":-0.2691115438938141,"y":-0.04531998559832573,"z":-0.23228099942207337},"rotation":{"x":-0.003209926886484027,"y":0.9937018156051636,"z":-0.1080503761768341,"w":-0.029520777985453607},"size":0.4334200918674469,"orthographic":false}