{"cameraMode":{"drawMode":0,"name":"Shaded","section":"Shading Mode"},"sceneLighting":true,"audioPlay":false,"sceneViewState":{"showFog":true,"showMaterialUpdate":false,"showSkybox":true,"showFlares":true,"showImageEffects":true,"showParticleSystems":true},"in2DMode":false,"pivot":{"x":-8.117704391479493,"y":-1.0816420316696168,"z":-2.2681379318237306},"rotation":{"x":0.04311281442642212,"y":0.9350487589836121,"z":-0.12214864790439606,"w":0.33002108335494997},"size":2.9520602226257326,"orthographic":true}