{"cameraMode":{"drawMode":0,"name":"Shaded","section":"Shading Mode"},"sceneLighting":false,"audioPlay":false,"sceneViewState":{"showFog":true,"showMaterialUpdate":false,"showSkybox":false,"showFlares":true,"showImageEffects":true,"showParticleSystems":true},"in2DMode":false,"pivot":{"x":-8.541247367858887,"y":1.6709794998168946,"z":-0.270000159740448},"rotation":{"x":-0.03325531259179115,"y":0.9653992056846619,"z":-0.15511193871498109,"w":-0.20697814226150514},"size":0.3581376373767853,"orthographic":false}